{
  "method_name": "Thermodynamic Entropy Calibration",
  "description": "Physics-inspired calibration method that treats LLM predictive uncertainty as thermodynamic entropy",
  "results": {
    "uncalibrated": {
      "ece": 0.24310624354480725,
      "brier": 0.24733961337115162,
      "nll": 1.249655301064624,
      "accuracy": 0.7485714285714286
    },
    "temperature_scaling": {
      "ece": 0.031293134428873104,
      "brier": 0.1879015004425028,
      "nll": 0.5626735753811597,
      "accuracy": 0.7485714285714286
    },
    "thermodynamic_entropy": {
      "ece": 0.1619494742458432,
      "brier": 0.21479524706998798,
      "nll": 0.6845583806369183,
      "accuracy": 0.7485714285714286
    }
  },
  "hyperparameters": {
    "temperature_scaling": {
      "T_opt": 4.528663947391164
    },
    "thermodynamic_entropy": {
      "T_0": 2.0,
      "alpha": 1.0
    }
  },
  "dataset_info": {
    "name": "sst2",
    "model": "distilbert-base-uncased",
    "n_train": 523,
    "n_val": 174,
    "n_test": 175,
    "n_classes": 2
  },
  "experiment_info": {
    "timestamp": "2026-07-18 16:18:56",
    "hardware": {
      "num_cpus": 48,
      "has_gpu": false,
      "vram_gb": 0,
      "device": "cpu",
      "total_ram_gb": 30.999998464,
      "available_ram_gb": 30.999998464
    }
  }
}