{
  "temperature_scaling": {
    "temperatures": [
      0.1,
      0.2,
      0.30000000000000004,
      0.4,
      0.5,
      0.6,
      0.7000000000000001,
      0.8,
      0.9,
      1.0,
      1.1,
      1.2000000000000002,
      1.3000000000000003,
      1.4000000000000001,
      1.5000000000000002,
      1.6,
      1.7000000000000002,
      1.8000000000000003,
      1.9000000000000001,
      2.0,
      2.1,
      2.2,
      2.3000000000000003,
      2.4000000000000004,
      2.5000000000000004,
      2.6,
      2.7,
      2.8000000000000003,
      2.9000000000000004,
      3.0000000000000004,
      3.1,
      3.2,
      3.3000000000000003,
      3.4000000000000004,
      3.5000000000000004,
      3.6,
      3.7,
      3.8000000000000003,
      3.9000000000000004,
      4.0,
      4.1,
      4.2,
      4.3,
      4.3999999999999995,
      4.5,
      4.6,
      4.7,
      4.8,
      4.9,
      5.0
    ],
    "ece": [
      0.25142857142857145,
      0.25142857055885126,
      0.25142809087071327,
      0.2514153028552515,
      0.2513233251029413,
      0.25099253703389424,
      0.2501984717148308,
      0.2487183102597973,
      0.24638434824893796,
      0.24310624354480725,
      0.23886853401866315,
      0.23371547492070233,
      0.22773234542975196,
      0.22102824900625362,
      0.21372243121336465,
      0.20593443961785138,
      0.19777766481304196,
      0.1893555415494658,
      0.18075968992395905,
      0.17206938495945595,
      0.16335187902408532,
      0.15466322891017759,
      0.14604938460964634,
      0.13754737771757414,
      0.12918650661106362,
      0.12098945725724558,
      0.11587611022849549,
      0.1262492816487395,
      0.10981297599881229,
      0.10629989323947278,
      0.09308721711953934,
      0.07591927351173555,
      0.06913589232752367,
      0.06255979777224045,
      0.05618760528943702,
      0.050015135486267154,
      0.04403761285839055,
      0.0382498286263266,
      0.04622576830733226,
      0.03182244455542578,
      0.030905793323465804,
      0.020585647927353335,
      0.014584337424946985,
      0.03623179503556971,
      0.03239355909316921,
      0.033184130010286646,
      0.018126268065231217,
      0.02025103679987289,
      0.01910239878771619,
      0.018471523131315327
    ],
    "accuracy": [
      0.7485714285714286,
      0.7485714285714286,
      0.7485714285714286,
      0.7485714285714286,
      0.7485714285714286,
      0.7485714285714286,
      0.7485714285714286,
      0.7485714285714286,
      0.7485714285714286,
      0.7485714285714286,
      0.7485714285714286,
      0.7485714285714286,
      0.7485714285714286,
      0.7485714285714286,
      0.7485714285714286,
      0.7485714285714286,
      0.7485714285714286,
      0.7485714285714286,
      0.7485714285714286,
      0.7485714285714286,
      0.7485714285714286,
      0.7485714285714286,
      0.7485714285714286,
      0.7485714285714286,
      0.7485714285714286,
      0.7485714285714286,
      0.7485714285714286,
      0.7485714285714286,
      0.7485714285714286,
      0.7485714285714286,
      0.7485714285714286,
      0.7485714285714286,
      0.7485714285714286,
      0.7485714285714286,
      0.7485714285714286,
      0.7485714285714286,
      0.7485714285714286,
      0.7485714285714286,
      0.7485714285714286,
      0.7485714285714286,
      0.7485714285714286,
      0.7485714285714286,
      0.7485714285714286,
      0.7485714285714286,
      0.7485714285714286,
      0.7485714285714286,
      0.7485714285714286,
      0.7485714285714286,
      0.7485714285714286,
      0.7485714285714286
    ]
  },
  "thermodynamic_entropy": {
    "T_0_values": [
      0.1,
      0.2,
      0.30000000000000004,
      0.4,
      0.5,
      0.6,
      0.7000000000000001,
      0.8,
      0.9,
      1.0,
      1.1,
      1.2000000000000002,
      1.3000000000000003,
      1.4000000000000001,
      1.5000000000000002,
      1.6,
      1.7000000000000002,
      1.8000000000000003,
      1.9000000000000001,
      2.0,
      2.1,
      2.2,
      2.3000000000000003,
      2.4000000000000004,
      2.5000000000000004,
      2.6,
      2.7,
      2.8000000000000003,
      2.9000000000000004,
      3.0000000000000004,
      3.1,
      3.2,
      3.3000000000000003,
      3.4000000000000004,
      3.5000000000000004,
      3.6,
      3.7,
      3.8000000000000003,
      3.9000000000000004,
      4.0,
      4.1,
      4.2,
      4.3,
      4.3999999999999995,
      4.5,
      4.6,
      4.7,
      4.8,
      4.9,
      5.0
    ],
    "ece": [
      0.25142857142857145,
      0.25142857055884504,
      0.25142809042279823,
      0.25141518241860095,
      0.2513197544100787,
      0.2509573309950133,
      0.2500149655070949,
      0.24808234481051805,
      0.244718867015698,
      0.23954247766714798,
      0.23231132145811006,
      0.2229699408011353,
      0.21164942913070467,
      0.19862997337831956,
      0.18428407912967257,
      0.16901859074304526,
      0.15322758413479565,
      0.14044126697951287,
      0.12850240733856638,
      0.12242989227852945,
      0.10477013397291304,
      0.08271660940010654,
      0.06391158480125883,
      0.049796310410765765,
      0.03753378521691952,
      0.04562554550082692,
      0.049650811868244146,
      0.038436404354192634,
      0.03607163364014436,
      0.04057780582385822,
      0.02196323665975436,
      0.029853088664632932,
      0.03726307163253509,
      0.044228001959306,
      0.05078065953278725,
      0.05695165908681013,
      0.06276942411724117,
      0.06826022922345065,
      0.07344828623121752,
      0.07835585655384594,
      0.08300337749460451,
      0.08740959402829522,
      0.09159169037480204,
      0.09556541766577495,
      0.10619913643490143,
      0.10519057699000002,
      0.10637489796662594,
      0.10964808869336677,
      0.11277414873042413,
      0.1157625059739095
    ],
    "accuracy": [
      0.7485714285714286,
      0.7485714285714286,
      0.7485714285714286,
      0.7485714285714286,
      0.7485714285714286,
      0.7485714285714286,
      0.7485714285714286,
      0.7485714285714286,
      0.7485714285714286,
      0.7485714285714286,
      0.7485714285714286,
      0.7485714285714286,
      0.7485714285714286,
      0.7485714285714286,
      0.7485714285714286,
      0.7485714285714286,
      0.7485714285714286,
      0.7485714285714286,
      0.7485714285714286,
      0.7485714285714286,
      0.7485714285714286,
      0.7485714285714286,
      0.7485714285714286,
      0.7485714285714286,
      0.7485714285714286,
      0.7485714285714286,
      0.7485714285714286,
      0.7485714285714286,
      0.7485714285714286,
      0.7485714285714286,
      0.7485714285714286,
      0.7485714285714286,
      0.7485714285714286,
      0.7485714285714286,
      0.7485714285714286,
      0.7485714285714286,
      0.7485714285714286,
      0.7485714285714286,
      0.7485714285714286,
      0.7485714285714286,
      0.7485714285714286,
      0.7485714285714286,
      0.7485714285714286,
      0.7485714285714286,
      0.7485714285714286,
      0.7485714285714286,
      0.7485714285714286,
      0.7485714285714286,
      0.7485714285714286,
      0.7485714285714286
    ]
  }
}